{
  "hn_48325668": 1781188411.6339543,
  "mastodon_116727531413137397": 1781188411.6339543,
  "mastodon_116727138598278950": 1781188411.6339543,
  "mastodon_116725880164276456": 1781188411.6339543,
  "mastodon_116723000487817556": 1781188411.6339543,
  "mastodon_116722991085072319": 1781188411.6339543,
  "mastodon_116722746352575160": 1781188411.6339543,
  "mastodon_116722437731669465": 1781188411.6339543,
  "mastodon_116721437032692438": 1781188411.6339543,
  "mastodon_116721022755986795": 1781188411.6339543,
  "mastodon_116720556459611585": 1781188411.6339543,
  "mastodon_116720248823479956": 1781188411.6339543,
  "mastodon_116720133975776819": 1781188411.6339543,
  "mastodon_116716522659162481": 1781188411.6339543,
  "mastodon_116714750830258681": 1781188411.6339543,
  "mastodon_116714171657353604": 1781145367.3119469,
  "mastodon_116727837770493341": 1781188411.6339543,
  "mastodon_116725998179302569": 1781188411.6339543,
  "mastodon_116723906880500952": 1781145367.3119469,
  "rss_198b5c141cf9": 1781188411.6339543,
  "rss_a22cdf824c1b": 1781188411.6339543,
  "rss_ad7817514488": 1781188411.6339543,
  "rss_3ae7a639e09a": 1781188411.6339543,
  "rss_f1c3ec3a3e26": 1781188411.6339543,
  "rss_cbffdc1c94f5": 1781188411.6339543,
  "rss_18d0b1228dbe": 1781188411.6339543,
  "rss_c02d4eef93f3": 1781188411.6339543,
  "rss_fc50f840e29d": 1781188411.6339543,
  "rss_bf019f1915be": 1781188411.6339543,
  "rss_f2001cf2abb0": 1781188411.6339543,
  "rss_109246e29a75": 1781188411.6339543,
  "rss_ddfc8e7f7fcd": 1781145367.3119469,
  "rss_cd9f9ef47cf4": 1781145367.3119469,
  "rss_72f3341b38f0": 1781145367.3119469,
  "rss_99e4ac3d385b": 1781188411.6339543,
  "mastodon_116730987590154662": 1781188411.6339543,
  "rss_0f9ec28fed68": 1781188411.6339543,
  "rss_57f6fe0fd107": 1781188411.6339543,
  "rss_67fc1411bbed": 1781188411.6339543,
  "rss_b2229a4e7a8d": 1781188411.6339543,
  "rss_db2ef225529c": 1781188411.6339543,
  "rss_a5cb6f7036e6": 1781188411.6339543
}