{
  "hn_48325668": 1781143006.7009141,
  "mastodon_116727531413137397": 1781143006.7009141,
  "mastodon_116727138598278950": 1781143006.7009141,
  "mastodon_116725880164276456": 1781143006.7009141,
  "mastodon_116723000487817556": 1781143006.7009141,
  "mastodon_116722991085072319": 1781143006.7009141,
  "mastodon_116722746352575160": 1781143006.7009141,
  "mastodon_116722437731669465": 1781143006.7009141,
  "mastodon_116721437032692438": 1781143006.7009141,
  "mastodon_116721022755986795": 1781143006.7009141,
  "mastodon_116720556459611585": 1781143006.7009141,
  "mastodon_116720248823479956": 1781143006.7009141,
  "mastodon_116720133975776819": 1781143006.7009141,
  "mastodon_116716522659162481": 1781143006.7009141,
  "mastodon_116714750830258681": 1781143006.7009141,
  "mastodon_116714171657353604": 1781143006.7009141,
  "mastodon_116727837770493341": 1781143006.7009141,
  "mastodon_116725998179302569": 1781143006.7009141,
  "mastodon_116723906880500952": 1781143006.7009141
}