{
  "hn_48325668": 1781272799.6446147,
  "mastodon_116727531413137397": 1781353306.1488533,
  "mastodon_116727138598278950": 1781272799.6446147,
  "mastodon_116725880164276456": 1781272799.6446147,
  "mastodon_116723000487817556": 1781272799.6446147,
  "mastodon_116722991085072319": 1781272799.6446147,
  "mastodon_116722746352575160": 1781272799.6446147,
  "mastodon_116722437731669465": 1781272799.6446147,
  "mastodon_116721437032692438": 1781188411.6339543,
  "mastodon_116721022755986795": 1781188411.6339543,
  "mastodon_116720556459611585": 1781188411.6339543,
  "mastodon_116720248823479956": 1781188411.6339543,
  "mastodon_116720133975776819": 1781188411.6339543,
  "mastodon_116716522659162481": 1781188411.6339543,
  "mastodon_116714750830258681": 1781188411.6339543,
  "mastodon_116714171657353604": 1781145367.3119469,
  "mastodon_116727837770493341": 1781188411.6339543,
  "mastodon_116725998179302569": 1781188411.6339543,
  "mastodon_116723906880500952": 1781145367.3119469,
  "rss_198b5c141cf9": 1781188411.6339543,
  "rss_a22cdf824c1b": 1781188411.6339543,
  "rss_ad7817514488": 1782143310.4665945,
  "rss_3ae7a639e09a": 1781958268.725121,
  "rss_f1c3ec3a3e26": 1781272799.6446147,
  "rss_cbffdc1c94f5": 1781958268.725121,
  "rss_18d0b1228dbe": 1781188411.6339543,
  "rss_c02d4eef93f3": 1781441893.4458845,
  "rss_fc50f840e29d": 1781188411.6339543,
  "rss_bf019f1915be": 1781188411.6339543,
  "rss_f2001cf2abb0": 1781625006.2273114,
  "rss_109246e29a75": 1782143310.4665945,
  "rss_ddfc8e7f7fcd": 1781145367.3119469,
  "rss_cd9f9ef47cf4": 1781145367.3119469,
  "rss_72f3341b38f0": 1781441893.4458845,
  "rss_99e4ac3d385b": 1781441893.4458845,
  "mastodon_116730987590154662": 1781353306.1488533,
  "rss_0f9ec28fed68": 1781272799.6446147,
  "rss_57f6fe0fd107": 1782222018.001649,
  "rss_67fc1411bbed": 1781188411.6339543,
  "rss_b2229a4e7a8d": 1781188411.6339543,
  "rss_db2ef225529c": 1782306864.7116647,
  "rss_a5cb6f7036e6": 1781625006.2273114,
  "mastodon_116737251965942063": 1781353306.1488533,
  "mastodon_116736811245688913": 1781353306.1488533,
  "mastodon_116734697256096152": 1781353306.1488533,
  "mastodon_116732364284765948": 1781353306.1488533,
  "mastodon_116727177230038442": 1781272799.6446147,
  "mastodon_116734780340654495": 1781272799.6446147,
  "mastodon_116734430489119175": 1781272799.6446147,
  "mastodon_116734423539640608": 1781272799.6446147,
  "mastodon_116733047275249433": 1781272799.6446147,
  "mastodon_116732983649199750": 1781272799.6446147,
  "rss_c8b13cf2387d": 1781272799.6446147,
  "rss_483a768c6de4": 1781272799.6446147,
  "rss_5fedd72dd5f7": 1781272799.6446147,
  "rss_67c61d9900f4": 1781272799.6446147,
  "rss_298054772956": 1781353306.1488533,
  "rss_48a6fca7d389": 1781272799.6446147,
  "mastodon_116741648227573022": 1781441893.4458845,
  "mastodon_116741146178109290": 1781441893.4458845,
  "mastodon_116739544612281780": 1781441893.4458845,
  "mastodon_116739108281627000": 1781441893.4458845,
  "mastodon_116738198296544101": 1781353306.1488533,
  "mastodon_116742463418951773": 1781353306.1488533,
  "mastodon_116741103246908876": 1781353306.1488533,
  "mastodon_116739350049330908": 1781353306.1488533,
  "mastodon_116738920606650310": 1781353306.1488533,
  "rss_a52bcde1f21b": 1781353306.1488533,
  "rss_d49f33587018": 1781353306.1488533,
  "rss_0f78cbb5bafb": 1781353306.1488533,
  "rss_db677b89cdb6": 1781353306.1488533,
  "rss_821f32686941": 1781353306.1488533,
  "rss_840f277c4084": 1781353306.1488533,
  "rss_b93ef95d1b2f": 1781353306.1488533,
  "rss_7548f0fbd834": 1781353306.1488533,
  "rss_58c1eefff041": 1781791200.5550463,
  "mastodon_116746374205285104": 1781625006.2273114,
  "mastodon_116744729176305312": 1781540036.6986609,
  "mastodon_116744381488587738": 1781540036.6986609,
  "mastodon_116744283675149715": 1781540036.6986609,
  "mastodon_116743863535194460": 1781540036.6986609,
  "mastodon_116743710831194648": 1781540036.6986609,
  "mastodon_116743523441463109": 1781441893.4458845,
  "mastodon_116743158353609051": 1781441893.4458845,
  "mastodon_116740634135272651": 1781441893.4458845,
  "mastodon_116744688730966583": 1781441893.4458845,
  "mastodon_116744453864355263": 1781441893.4458845,
  "mastodon_116744165339567774": 1781441893.4458845,
  "mastodon_116743553667337285": 1781441893.4458845,
  "rss_100316d5aed8": 1781540036.6986609,
  "rss_b79bbd3c9fa7": 1781791200.5550463,
  "rss_918ad97967eb": 1781441893.4458845,
  "mastodon_116754666645874458": 1781706278.8484144,
  "mastodon_116754309554833644": 1781706278.8484144,
  "mastodon_116752503397650701": 1781706278.8484144,
  "mastodon_116749176835664850": 1781706278.8484144,
  "mastodon_116748913997519819": 1781706278.8484144,
  "mastodon_116748590765828469": 1781625006.2273114,
  "mastodon_116748519267645002": 1782393182.231384,
  "mastodon_116747946456489500": 1781625006.2273114,
  "mastodon_116747331290572180": 1781625006.2273114,
  "mastodon_116753220694080141": 1781540036.6986609,
  "mastodon_116752745732878419": 1781540036.6986609,
  "mastodon_116751895031108220": 1781540036.6986609,
  "mastodon_116750971211464462": 1781540036.6986609,
  "mastodon_116750812236832866": 1781540036.6986609,
  "mastodon_116750732954586584": 1781540036.6986609,
  "mastodon_116750331025842645": 1781540036.6986609,
  "rss_6e17b84d63ad": 1781540036.6986609,
  "rss_a23866bda1fe": 1781958268.725121,
  "rss_5da97ad335c2": 1782306864.7116647,
  "rss_5879f7f34881": 1782222018.001649,
  "rss_b205f42233a2": 1781540036.6986609,
  "rss_995ffe89e6c4": 1781540036.6986609,
  "rss_f067c596e714": 1781540036.6986609,
  "rss_ff0ac4f234a3": 1781540036.6986609,
  "rss_2825830c43c8": 1781540036.6986609,
  "mastodon_116756132048085659": 1781791200.5550463,
  "mastodon_116755950137026898": 1781791200.5550463,
  "mastodon_116755337173714154": 1781791200.5550463,
  "mastodon_116754918939098806": 1782393182.231384,
  "mastodon_116754037818134505": 1781706278.8484144,
  "mastodon_116759648247922956": 1782393182.231384,
  "mastodon_116759630260768435": 1781625006.2273114,
  "mastodon_116756102232895442": 1781625006.2273114,
  "mastodon_116755832316125110": 1781625006.2273114,
  "rss_236f139efdde": 1782393182.231384,
  "rss_29c495ab1d4c": 1781958268.725121,
  "rss_9ea9c4b9fa84": 1781625006.2273114,
  "rss_fdc46180977e": 1781625006.2273114,
  "mastodon_116763231385684514": 1781791200.5550463,
  "mastodon_116757277482761057": 1781791200.5550463,
  "mastodon_116765629113031143": 1781706278.8484144,
  "mastodon_116764394431188795": 1781706278.8484144,
  "mastodon_116763563747896383": 1781706278.8484144,
  "mastodon_116762966856835321": 1781706278.8484144,
  "mastodon_116762059553244084": 1781706278.8484144,
  "mastodon_116761318250492642": 1781706278.8484144,
  "mastodon_116760682358245040": 1781706278.8484144,
  "mastodon_116760476643938907": 1781706278.8484144,
  "rss_11f537f38bda": 1781706278.8484144,
  "rss_9ee0df654611": 1781706278.8484144,
  "rss_292879dc7d2d": 1781706278.8484144,
  "rss_6f48eda3f9cd": 1781791200.5550463,
  "rss_96690974b707": 1781706278.8484144,
  "rss_e9cb008644a6": 1781706278.8484144,
  "mastodon_116771401504030642": 1781958268.725121,
  "mastodon_116769605136607481": 1781877542.9209387,
  "mastodon_116768577436260868": 1781877542.9209387,
  "mastodon_116767699044372741": 1781877542.9209387,
  "mastodon_116766076882430280": 1781877542.9209387,
  "mastodon_116763922069519575": 1781791200.5550463,
  "mastodon_116760408304611933": 1781791200.5550463,
  "mastodon_116770882562967150": 1781791200.5550463,
  "mastodon_116770366511820151": 1782393182.231384,
  "mastodon_116769907887003082": 1781791200.5550463,
  "mastodon_116768983210462401": 1781791200.5550463,
  "mastodon_116768203320188827": 1781791200.5550463,
  "mastodon_116767225599904496": 1781791200.5550463,
  "mastodon_116767160424807639": 1781791200.5550463,
  "mastodon_116766728456822775": 1781791200.5550463,
  "rss_6a55f0de91ba": 1781877542.9209387,
  "rss_b615b0a6a678": 1781791200.5550463,
  "rss_225890187a57": 1781791200.5550463,